UTC,Open,High,Low,Close,Volume
01.01.2026 23:00:00.000 UTC,24506.599,24519.699,24502.566,24514.799,0.01491
02.01.2026 00:00:00.000 UTC,24514.155,24549.799,24461.555,24504.699,0.03165
02.01.2026 01:00:00.000 UTC,24505.088,24529.099,24495.555,24503.066,0.05286
02.01.2026 02:00:00.000 UTC,24506.599,24510.699,24490.599,24502.055,0.0429
02.01.2026 03:00:00.000 UTC,24498.066,24513.699,24484.199,24505.599,0.03096
02.01.2026 04:00:00.000 UTC,24504.599,24520.555,24496.588,24504.066,0.02442
02.01.2026 05:00:00.000 UTC,24505.588,24540.088,24493.588,24538.566,0.02346
02.01.2026 06:00:00.000 UTC,24539.099,24561.077,24525.055,24555.588,0.03294
02.01.2026 07:00:00.000 UTC,24552.055,24579.299,24474.666,24485.899,0.21096
02.01.2026 08:00:00.000 UTC,24487.288,24643.899,24454.899,24639.288,0.61752
02.01.2026 09:00:00.000 UTC,24638.299,24680.288,24581.766,24592.299,0.47808
02.01.2026 10:00:00.000 UTC,24595.277,24595.766,24476.766,24529.299,0.40356
02.01.2026 11:00:00.000 UTC,24528.799,24573.788,24518.399,24568.399,0.2526
02.01.2026 12:00:00.000 UTC,24566.755,24580.777,24523.899,24577.799,0.30936
02.01.2026 13:00:00.000 UTC,24578.255,24598.788,24556.255,24595.799,0.27876
02.01.2026 14:00:00.000 UTC,24595.299,24614.799,24559.755,24587.277,0.54708
02.01.2026 15:00:00.000 UTC,24587.799,24589.399,24464.277,24513.755,0.88056
02.01.2026 16:00:00.000 UTC,24512.788,24550.166,24446.755,24519.155,0.8832
02.01.2026 17:00:00.000 UTC,24518.199,24532.799,24482.666,24488.155,0.58056
02.01.2026 18:00:00.000 UTC,24487.666,24498.799,24460.155,24487.677,0.35748
02.01.2026 19:00:00.000 UTC,24488.199,24556.177,24487.155,24542.155,0.39876
02.01.2026 20:00:00.000 UTC,24542.666,24557.399,24526.699,24555.255,0.34896
04.01.2026 23:00:00.000 UTC,24571.899,24572.688,24546.399,24564.599,0.037905
05.01.2026 00:00:00.000 UTC,24565.166,24636.699,24557.866,24622.055,0.04374
05.01.2026 01:00:00.000 UTC,24624.199,24633.088,24603.555,24624.066,0.0642
05.01.2026 02:00:00.000 UTC,24623.599,24644.199,24617.699,24625.588,0.03672
05.01.2026 03:00:00.000 UTC,24625.099,24630.555,24614.555,24624.577,0.03
05.01.2026 04:00:00.000 UTC,24623.699,24656.555,24622.588,24648.555,0.02562
05.01.2026 05:00:00.000 UTC,24648.055,24667.099,24642.077,24649.555,0.03066
05.01.2026 06:00:00.000 UTC,24650.699,24656.066,24616.555,24646.577,0.04596
05.01.2026 07:00:00.000 UTC,24648.055,24663.255,24618.666,24661.255,0.20478
05.01.2026 08:00:00.000 UTC,24661.777,24823.255,24635.299,24794.799,0.83604
05.01.2026 09:00:00.000 UTC,24793.788,24808.899,24713.255,24742.266,0.5376
05.01.2026 10:00:00.000 UTC,24741.399,24742.266,24676.255,24702.288,0.40644
05.01.2026 11:00:00.000 UTC,24703.299,24730.399,24674.755,24680.399,0.33228
05.01.2026 12:00:00.000 UTC,24680.788,24703.788,24657.288,24690.255,0.31992
05.01.2026 13:00:00.000 UTC,24691.288,24719.399,24680.255,24710.755,0.34488
05.01.2026 14:00:00.000 UTC,24711.788,24792.288,24707.277,24774.788,0.5718
05.01.2026 15:00:00.000 UTC,24772.788,24850.299,24758.255,24845.788,0.50676
05.01.2026 16:00:00.000 UTC,24846.277,24881.666,24825.255,24856.799,0.36
05.01.2026 17:00:00.000 UTC,24857.177,24869.666,24844.166,24848.299,0.21276
05.01.2026 18:00:00.000 UTC,24847.688,24849.799,24820.688,24832.799,0.14712
05.01.2026 19:00:00.000 UTC,24833.699,24845.666,24827.655,24839.799,0.12528
05.01.2026 20:00:00.000 UTC,24839.166,24861.899,24837.655,24861.277,0.14628
05.01.2026 21:00:00.000 UTC,24861.299,24862.888,24853.255,24858.588,0.005985
05.01.2026 23:00:00.000 UTC,24860.388,24867.199,24851.755,24852.399,0.016005
06.01.2026 00:00:00.000 UTC,24852.966,24868.577,24843.566,24845.199,0.023835
06.01.2026 01:00:00.000 UTC,24845.599,24894.599,24841.066,24879.588,0.03174
06.01.2026 02:00:00.000 UTC,24880.066,24892.066,24871.077,24887.599,0.0138
06.01.2026 03:00:00.000 UTC,24887.199,24915.588,24880.555,24915.588,0.01578
06.01.2026 04:00:00.000 UTC,24916.055,24935.588,24913.577,24931.699,0.01512
06.01.2026 05:00:00.000 UTC,24932.099,24932.699,24905.577,24908.199,0.01536
06.01.2026 06:00:00.000 UTC,24907.055,24929.099,24903.599,24916.599,0.0189
06.01.2026 07:00:00.000 UTC,24917.555,24938.299,24876.677,24896.288,0.11772
06.01.2026 08:00:00.000 UTC,24893.255,24919.755,24831.755,24863.277,0.58764
06.01.2026 09:00:00.000 UTC,24864.755,24909.788,24850.255,24859.755,0.4794
06.01.2026 10:00:00.000 UTC,24860.799,24899.899,24857.766,24872.788,0.3216
06.01.2026 11:00:00.000 UTC,24871.766,24926.277,24870.755,24915.899,0.24612
06.01.2026 12:00:00.000 UTC,24916.766,24965.799,24910.799,24953.766,0.22944
06.01.2026 13:00:00.000 UTC,24958.899,24968.799,24929.788,24946.266,0.28056
06.01.2026 14:00:00.000 UTC,24946.899,24961.255,24910.755,24934.788,0.40548
06.01.2026 15:00:00.000 UTC,24935.799,24950.266,24865.799,24874.755,0.55536
06.01.2026 16:00:00.000 UTC,24873.777,24919.788,24861.777,24890.699,0.41124
06.01.2026 17:00:00.000 UTC,24890.155,24936.699,24884.655,24928.699,0.17388
06.01.2026 18:00:00.000 UTC,24929.166,24955.199,24927.177,24954.166,0.10356
06.01.2026 19:00:00.000 UTC,24955.155,24971.699,24954.199,24966.299,0.09912
06.01.2026 20:00:00.000 UTC,24965.299,24982.799,24956.277,24960.255,0.1176
06.01.2026 21:00:00.000 UTC,24958.777,24961.477,24955.366,24956.555,0.010065
06.01.2026 23:00:00.000 UTC,24962.099,24969.066,24956.166,24957.499,0.009375
07.01.2026 00:00:00.000 UTC,24958.688,24990.399,24956.155,24971.699,0.013485
07.01.2026 01:00:00.000 UTC,24970.577,24970.577,24942.055,24943.099,0.03546
07.01.2026 02:00:00.000 UTC,24942.555,24965.566,24941.077,24962.699,0.0207
07.01.2026 03:00:00.000 UTC,24963.099,24985.099,24962.055,24967.577,0.02106
07.01.2026 04:00:00.000 UTC,24968.055,24971.055,24947.055,24963.088,0.03282
07.01.2026 05:00:00.000 UTC,24962.577,24966.199,24937.555,24949.577,0.0225
07.01.2026 06:00:00.000 UTC,24950.699,24968.699,24947.199,24953.199,0.0246
07.01.2026 07:00:00.000 UTC,24950.699,25003.199,24950.077,24981.255,0.15084
07.01.2026 08:00:00.000 UTC,24984.299,25036.899,24981.799,24994.899,0.66852
07.01.2026 09:00:00.000 UTC,24990.755,25032.777,24979.399,25021.788,0.4566
07.01.2026 10:00:00.000 UTC,25022.288,25089.288,25014.299,25059.266,0.38664
07.01.2026 11:00:00.000 UTC,25060.266,25078.266,25031.288,25049.899,0.30744
07.01.2026 12:00:00.000 UTC,25048.788,25057.299,25012.266,25055.288,0.32028
07.01.2026 13:00:00.000 UTC,25054.299,25081.299,25038.266,25077.288,0.29556
07.01.2026 14:00:00.000 UTC,25076.788,25113.755,25055.299,25072.766,0.43644
07.01.2026 15:00:00.000 UTC,25075.255,25093.799,25036.899,25088.788,0.56496
07.01.2026 16:00:00.000 UTC,25090.266,25144.799,25082.155,25144.155,0.35856
07.01.2026 17:00:00.000 UTC,25146.299,25146.299,25116.199,25124.166,0.13572
07.01.2026 18:00:00.000 UTC,25123.799,25149.188,25110.166,25149.166,0.13056
07.01.2026 19:00:00.000 UTC,25148.688,25151.299,25120.666,25142.188,0.1554
07.01.2026 20:00:00.000 UTC,25142.666,25146.199,25096.277,25099.755,0.19944
07.01.2026 21:00:00.000 UTC,25100.777,25103.399,25091.966,25093.888,0.014565
07.01.2026 23:00:00.000 UTC,25122.155,25123.777,25105.555,25108.099,0.010395
08.01.2026 00:00:00.000 UTC,25107.899,25110.499,25063.099,25103.555,0.021405
08.01.2026 01:00:00.000 UTC,25103.088,25138.066,25096.588,25137.577,0.04026
08.01.2026 02:00:00.000 UTC,25134.577,25149.699,25092.577,25110.077,0.05016
08.01.2026 03:00:00.000 UTC,25110.588,25117.577,25096.055,25107.699,0.02364
08.01.2026 04:00:00.000 UTC,25107.055,25111.566,25087.099,25089.566,0.02184
08.01.2026 05:00:00.000 UTC,25089.077,25095.199,25046.077,25050.699,0.03654
08.01.2026 06:00:00.000 UTC,25052.066,25052.088,25006.588,25046.066,0.07578
08.01.2026 07:00:00.000 UTC,25046.588,25117.199,25046.055,25094.766,0.2367
08.01.2026 08:00:00.000 UTC,25091.399,25221.255,25071.788,25173.277,0.65748
08.01.2026 09:00:00.000 UTC,25175.288,25191.299,25111.255,25125.299,0.39156
08.01.2026 10:00:00.000 UTC,25125.755,25126.299,25066.277,25079.255,0.37548
08.01.2026 11:00:00.000 UTC,25080.255,25113.788,25069.766,25105.277,0.31104
08.01.2026 12:00:00.000 UTC,25103.399,25108.899,25039.766,25044.299,0.30792
08.01.2026 13:00:00.000 UTC,25043.299,25090.288,25021.277,25073.788,0.30132
08.01.2026 14:00:00.000 UTC,25074.255,25098.277,25040.899,25081.255,0.53016
08.01.2026 15:00:00.000 UTC,25081.899,25164.899,25076.288,25142.288,0.53184
08.01.2026 16:00:00.000 UTC,25143.255,25151.777,25106.166,25134.699,0.42384
08.01.2026 17:00:00.000 UTC,25134.155,25170.799,25130.155,25167.699,0.26748
08.01.2026 18:00:00.000 UTC,25166.666,25170.799,25143.688,25155.155,0.1944
08.01.2026 19:00:00.000 UTC,25154.688,25165.299,25146.177,25151.688,0.17796
08.01.2026 20:00:00.000 UTC,25149.677,25178.799,25145.666,25172.799,0.1524
08.01.2026 21:00:00.000 UTC,25169.277,25179.899,25168.666,25176.677,0.01728
08.01.2026 23:00:00.000 UTC,25198.899,25200.477,25173.077,25175.299,0.013485
09.01.2026 00:00:00.000 UTC,25175.099,25194.055,25172.577,25177.599,0.027975
09.01.2026 01:00:00.000 UTC,25177.066,25187.599,25151.077,25163.077,0.03648
09.01.2026 02:00:00.000 UTC,25164.066,25173.699,25153.577,25155.699,0.02958
09.01.2026 03:00:00.000 UTC,25155.077,25159.699,25138.555,25140.199,0.0207
09.01.2026 04:00:00.000 UTC,25140.566,25166.066,25137.066,25158.555,0.02064
09.01.2026 05:00:00.000 UTC,25159.588,25171.599,25152.088,25169.555,0.01728
09.01.2026 06:00:00.000 UTC,25170.088,25186.088,25152.077,25165.077,0.0276
09.01.2026 07:00:00.000 UTC,25165.566,25173.666,25137.188,25145.788,0.11748
09.01.2026 08:00:00.000 UTC,25147.766,25150.399,25103.288,25135.299,0.5628
09.01.2026 09:00:00.000 UTC,25135.899,25163.299,25125.755,25136.899,0.36492
09.01.2026 10:00:00.000 UTC,25135.288,25169.255,25124.899,25165.755,0.30912
09.01.2026 11:00:00.000 UTC,25165.277,25230.899,25164.755,25228.788,0.23316
09.01.2026 12:00:00.000 UTC,25230.777,25266.255,25221.766,25235.899,0.2868
09.01.2026 13:00:00.000 UTC,25234.766,25277.777,25203.899,25277.777,0.32892
09.01.2026 14:00:00.000 UTC,25278.799,25280.399,25209.799,25225.899,0.59736
09.01.2026 15:00:00.000 UTC,25226.299,25253.755,25138.255,25242.899,0.76452
09.01.2026 16:00:00.000 UTC,25243.299,25271.755,25223.755,25253.177,0.37704
09.01.2026 17:00:00.000 UTC,25252.688,25263.688,25240.177,25241.188,0.18708
09.01.2026 18:00:00.000 UTC,25239.155,25273.177,25234.166,25261.688,0.14364
09.01.2026 19:00:00.000 UTC,25261.299,25270.799,25247.677,25261.155,0.08868
09.01.2026 20:00:00.000 UTC,25258.688,25281.299,25256.155,25275.799,0.13188
11.01.2026 23:00:00.000 UTC,25261.155,25278.099,25255.866,25261.988,0.020415
12.01.2026 00:00:00.000 UTC,25262.399,25264.499,25224.077,25225.055,0.043515
12.01.2026 01:00:00.000 UTC,25224.699,25241.066,25203.599,25233.555,0.07506
12.01.2026 02:00:00.000 UTC,25232.566,25240.599,25218.077,25232.555,0.0327
12.01.2026 03:00:00.000 UTC,25233.088,25237.199,25222.077,25230.077,0.02316
12.01.2026 04:00:00.000 UTC,25230.566,25237.588,25217.055,25229.199,0.02376
12.01.2026 05:00:00.000 UTC,25229.577,25233.555,25205.599,25214.055,0.04152
12.01.2026 06:00:00.000 UTC,25211.577,25238.199,25205.599,25235.599,0.02712
12.01.2026 07:00:00.000 UTC,25234.699,25261.199,25201.677,25230.766,0.13224
12.01.2026 08:00:00.000 UTC,25224.299,25283.766,25208.788,25272.277,0.54372
12.01.2026 09:00:00.000 UTC,25273.266,25298.277,25264.766,25282.288,0.3246
12.01.2026 10:00:00.000 UTC,25282.788,25330.399,25270.288,25310.288,0.24672
12.01.2026 11:00:00.000 UTC,25312.255,25357.777,25310.277,25354.255,0.201
12.01.2026 12:00:00.000 UTC,25355.755,25412.299,25355.255,25411.399,0.189
12.01.2026 13:00:00.000 UTC,25410.788,25411.288,25344.777,25355.266,0.22188
12.01.2026 14:00:00.000 UTC,25355.777,25414.299,25341.755,25411.266,0.3426
12.01.2026 15:00:00.000 UTC,25409.299,25422.899,25367.277,25421.266,0.3324
12.01.2026 16:00:00.000 UTC,25420.255,25435.799,25395.899,25421.655,0.24156
12.01.2026 17:00:00.000 UTC,25421.155,25424.799,25402.655,25406.677,0.1008
12.01.2026 18:00:00.000 UTC,25407.155,25419.166,25405.166,25416.799,0.06432
12.01.2026 19:00:00.000 UTC,25417.299,25426.299,25410.666,25424.655,0.05316
12.01.2026 20:00:00.000 UTC,25425.199,25455.399,25411.166,25452.755,0.09288
12.01.2026 21:00:00.000 UTC,25452.899,25455.277,25447.277,25449.799,0.01197
12.01.2026 23:00:00.000 UTC,25444.299,25444.299,25418.699,25419.266,0.01299
13.01.2026 00:00:00.000 UTC,25418.699,25433.555,25405.088,25433.555,0.021945
13.01.2026 01:00:00.000 UTC,25433.199,25454.699,25423.577,25436.599,0.04686
13.01.2026 02:00:00.000 UTC,25437.077,25453.699,25435.066,25439.088,0.03096
13.01.2026 03:00:00.000 UTC,25438.588,25444.066,25429.077,25437.555,0.02682
13.01.2026 04:00:00.000 UTC,25438.588,25451.555,25433.055,25448.699,0.02466
13.01.2026 05:00:00.000 UTC,25449.099,25453.699,25432.055,25449.566,0.02604
13.01.2026 06:00:00.000 UTC,25450.699,25456.566,25429.077,25444.055,0.0333
13.01.2026 07:00:00.000 UTC,25447.099,25470.677,25428.166,25449.277,0.12498
13.01.2026 08:00:00.000 UTC,25449.755,25452.755,25393.777,25404.788,0.4986
13.01.2026 09:00:00.000 UTC,25403.777,25417.799,25359.799,25374.255,0.30792
13.01.2026 10:00:00.000 UTC,25373.755,25376.266,25337.266,25363.288,0.2454
13.01.2026 11:00:00.000 UTC,25363.777,25387.399,25355.766,25387.399,0.19584
13.01.2026 12:00:00.000 UTC,25386.799,25434.399,25376.255,25433.255,0.1776
13.01.2026 13:00:00.000 UTC,25433.799,25485.299,25432.266,25455.266,0.33708
13.01.2026 14:00:00.000 UTC,25454.399,25511.399,25421.766,25441.766,0.46152
13.01.2026 15:00:00.000 UTC,25441.266,25442.899,25390.755,25434.288,0.49884
13.01.2026 16:00:00.000 UTC,25434.788,25446.699,25392.788,25439.688,0.31992
13.01.2026 17:00:00.000 UTC,25440.177,25449.799,25418.199,25424.166,0.24276
13.01.2026 18:00:00.000 UTC,25424.799,25431.655,25396.655,25397.699,0.2214
13.01.2026 19:00:00.000 UTC,25398.166,25403.199,25376.677,25399.688,0.19332
13.01.2026 20:00:00.000 UTC,25399.199,25399.299,25356.688,25392.399,0.14964
13.01.2026 21:00:00.000 UTC,25389.399,25397.966,25386.066,25387.855,0.02349
13.01.2026 23:00:00.000 UTC,25382.277,25387.288,25375.455,25377.655,0.01218
14.01.2026 00:00:00.000 UTC,25377.355,25425.099,25374.277,25413.699,0.02517
14.01.2026 01:00:00.000 UTC,25414.199,25419.088,25389.588,25394.555,0.03654
14.01.2026 02:00:00.000 UTC,25394.199,25408.588,25388.566,25406.588,0.02448
14.01.2026 03:00:00.000 UTC,25407.055,25425.088,25404.577,25421.555,0.02154
14.01.2026 04:00:00.000 UTC,25419.088,25425.577,25404.555,25421.088,0.02406
14.01.2026 05:00:00.000 UTC,25420.577,25420.577,25389.066,25394.699,0.04116
14.01.2026 06:00:00.000 UTC,25395.077,25395.077,25359.099,25394.055,0.04374
14.01.2026 07:00:00.000 UTC,25397.699,25428.299,25397.699,25428.299,0.09768
14.01.2026 08:00:00.000 UTC,25427.255,25461.288,25406.255,25433.399,0.43164
14.01.2026 09:00:00.000 UTC,25432.755,25436.899,25383.799,25396.299,0.28524
14.01.2026 10:00:00.000 UTC,25397.799,25407.299,25311.788,25330.399,0.3516
14.01.2026 11:00:00.000 UTC,25329.766,25347.266,25298.255,25311.766,0.3
14.01.2026 12:00:00.000 UTC,25311.288,25350.288,25296.255,25334.266,0.25716
14.01.2026 13:00:00.000 UTC,25333.399,25341.399,25283.766,25292.288,0.33024
14.01.2026 14:00:00.000 UTC,25295.299,25330.799,25289.277,25290.755,0.53736
14.01.2026 15:00:00.000 UTC,25288.899,25364.777,25271.766,25284.277,0.61284
14.01.2026 16:00:00.000 UTC,25286.255,25323.177,25245.666,25262.177,0.4032
14.01.2026 17:00:00.000 UTC,25261.699,25284.188,25242.655,25248.655,0.27984
14.01.2026 18:00:00.000 UTC,25247.655,25268.699,25218.655,25267.666,0.24744
14.01.2026 19:00:00.000 UTC,25265.177,25277.699,25244.188,25267.155,0.20412
14.01.2026 20:00:00.000 UTC,25267.655,25322.199,25247.166,25318.755,0.31812
14.01.2026 21:00:00.000 UTC,25319.366,25328.677,25293.999,25303.788,0.03585
14.01.2026 23:00:00.000 UTC,25291.399,25299.099,25270.355,25296.466,0.026175
15.01.2026 00:00:00.000 UTC,25296.199,25338.699,25292.166,25331.588,0.03042
15.01.2026 01:00:00.000 UTC,25332.055,25367.555,25330.077,25364.566,0.0471
15.01.2026 02:00:00.000 UTC,25365.055,25367.699,25341.088,25351.088,0.0273
15.01.2026 03:00:00.000 UTC,25350.099,25357.599,25322.588,25338.566,0.0363
15.01.2026 04:00:00.000 UTC,25339.199,25354.566,25339.055,25343.577,0.01734
15.01.2026 05:00:00.000 UTC,25342.588,25389.555,25329.599,25359.588,0.04098
15.01.2026 06:00:00.000 UTC,25359.199,25390.588,25330.588,25352.566,0.07536
15.01.2026 07:00:00.000 UTC,25353.599,25371.188,25311.655,25317.288,0.15006
15.01.2026 08:00:00.000 UTC,25315.299,25321.288,25234.277,25267.766,0.52032
15.01.2026 09:00:00.000 UTC,25266.899,25286.788,25233.788,25256.255,0.32844
15.01.2026 10:00:00.000 UTC,25257.399,25301.777,25247.766,25299.777,0.24528
15.01.2026 11:00:00.000 UTC,25300.899,25300.899,25247.788,25259.788,0.19476
15.01.2026 12:00:00.000 UTC,25258.899,25292.899,25247.755,25276.788,0.18912
15.01.2026 13:00:00.000 UTC,25276.266,25311.899,25275.755,25295.766,0.22284
15.01.2026 14:00:00.000 UTC,25296.766,25337.288,25285.899,25302.766,0.31356
15.01.2026 15:00:00.000 UTC,25301.777,25356.899,25285.255,25355.399,0.32316
15.01.2026 16:00:00.000 UTC,25356.777,25379.799,25340.177,25342.188,0.24204
15.01.2026 17:00:00.000 UTC,25341.666,25345.166,25296.188,25304.666,0.13764
15.01.2026 18:00:00.000 UTC,25302.677,25325.166,25302.677,25312.799,0.10524
15.01.2026 19:00:00.000 UTC,25313.199,25313.799,25275.155,25277.177,0.17376
15.01.2026 20:00:00.000 UTC,25276.666,25276.666,25234.199,25247.288,0.19296
15.01.2026 21:00:00.000 UTC,25249.899,25261.599,25245.155,25245.766,0.02586
15.01.2026 23:00:00.000 UTC,25258.066,25270.899,25251.866,25267.688,0.01149
16.01.2026 00:00:00.000 UTC,25268.266,25277.766,25262.755,25270.199,0.02082
16.01.2026 01:00:00.000 UTC,25271.199,25289.199,25266.077,25286.199,0.03948
16.01.2026 02:00:00.000 UTC,25285.566,25287.566,25278.077,25283.088,0.0225
16.01.2026 03:00:00.000 UTC,25283.555,25290.699,25275.588,25284.077,0.01398
16.01.2026 04:00:00.000 UTC,25284.555,25299.577,25279.588,25292.088,0.02538
16.01.2026 05:00:00.000 UTC,25291.599,25303.699,25284.055,25289.566,0.02172
16.01.2026 06:00:00.000 UTC,25288.555,25288.555,25264.066,25285.077,0.03594
16.01.2026 07:00:00.000 UTC,25287.088,25319.188,25287.088,25307.277,0.1038
16.01.2026 08:00:00.000 UTC,25315.777,25349.399,25294.899,25305.277,0.42312
16.01.2026 09:00:00.000 UTC,25308.399,25317.399,25275.299,25292.255,0.27456
16.01.2026 10:00:00.000 UTC,25292.777,25341.766,25289.266,25291.766,0.2436
16.01.2026 11:00:00.000 UTC,25292.255,25324.277,25280.255,25291.277,0.21288
16.01.2026 12:00:00.000 UTC,25292.277,25293.288,25261.266,25287.277,0.2532
16.01.2026 13:00:00.000 UTC,25288.899,25300.399,25279.277,25280.777,0.21444
16.01.2026 14:00:00.000 UTC,25280.288,25295.399,25213.255,25213.799,0.39804
16.01.2026 15:00:00.000 UTC,25214.299,25277.255,25200.255,25258.288,0.44652
16.01.2026 16:00:00.000 UTC,25258.766,25299.655,25252.399,25275.677,0.3018
16.01.2026 17:00:00.000 UTC,25275.188,25282.699,25263.166,25278.166,0.19728
16.01.2026 18:00:00.000 UTC,25277.677,25301.699,25275.299,25282.799,0.12504
16.01.2026 19:00:00.000 UTC,25281.688,25341.199,25275.688,25329.166,0.1788
16.01.2026 20:00:00.000 UTC,25328.699,25331.799,25299.799,25319.277,0.1326
16.01.2026 21:00:00.000 UTC,25320.255,25320.255,25319.899,25319.899,0.00024
18.01.2026 23:00:00.000 UTC,25097.455,25122.499,25059.088,25106.488,0.06828
19.01.2026 00:00:00.000 UTC,25105.877,25107.199,24925.766,24971.577,0.0705
19.01.2026 01:00:00.000 UTC,24969.088,24998.577,24928.099,24947.555,0.15132
19.01.2026 02:00:00.000 UTC,24949.077,25001.099,24948.566,24997.077,0.0777
19.01.2026 03:00:00.000 UTC,24995.577,25034.588,24965.088,25029.599,0.07032
19.01.2026 04:00:00.000 UTC,25030.088,25036.099,24974.566,24993.699,0.06312
19.01.2026 05:00:00.000 UTC,24993.099,25014.199,24934.088,25003.588,0.0855
19.01.2026 06:00:00.000 UTC,25003.088,25037.555,24926.099,24941.588,0.07356
19.01.2026 07:00:00.000 UTC,24936.588,24992.655,24925.255,24938.299,0.31386
19.01.2026 08:00:00.000 UTC,24935.299,25066.788,24916.399,25033.277,0.78804
19.01.2026 09:00:00.000 UTC,25034.255,25038.799,24949.255,24952.277,0.5112
19.01.2026 10:00:00.000 UTC,24951.777,24989.255,24906.788,24920.799,0.35832
19.01.2026 11:00:00.000 UTC,24921.899,24958.799,24919.755,24940.799,0.34572
19.01.2026 12:00:00.000 UTC,24940.277,25022.399,24938.899,25000.766,0.2778
19.01.2026 13:00:00.000 UTC,25000.266,25048.299,25000.266,25042.766,0.2868
19.01.2026 14:00:00.000 UTC,25043.799,25045.788,24966.277,25001.755,0.34548
19.01.2026 15:00:00.000 UTC,25002.288,25005.899,24932.755,24938.755,0.3582
19.01.2026 16:00:00.000 UTC,24939.288,24992.799,24933.255,24954.188,0.2778
19.01.2026 17:00:00.000 UTC,24952.688,24969.799,24942.155,24952.799,0.09252
19.01.2026 18:00:00.000 UTC,24953.155,24964.166,24950.155,24953.199,0.0264
19.01.2026 19:00:00.000 UTC,24951.299,24957.666,24948.666,24951.299,0.02028
19.01.2026 20:00:00.000 UTC,24951.699,24965.688,24944.766,24944.766,0.04944
19.01.2026 21:00:00.000 UTC,24941.777,24941.777,24941.777,24941.777,0.00012
19.01.2026 23:00:00.000 UTC,24963.788,24966.577,24933.455,24936.399,0.020145
20.01.2026 00:00:00.000 UTC,24936.899,24937.499,24822.555,24880.699,0.04191
20.01.2026 01:00:00.000 UTC,24881.699,24931.088,24881.699,24920.699,0.0384
20.01.2026 02:00:00.000 UTC,24921.099,24926.088,24887.566,24918.699,0.0237
20.01.2026 03:00:00.000 UTC,24918.077,24918.077,24903.699,24911.555,0.00822
20.01.2026 04:00:00.000 UTC,24911.088,24915.077,24899.199,24906.055,0.01446
20.01.2026 05:00:00.000 UTC,24905.066,24930.566,24899.088,24907.588,0.02124
20.01.2026 06:00:00.000 UTC,24907.099,24908.066,24750.699,24809.099,0.06336
20.01.2026 07:00:00.000 UTC,24808.566,24855.177,24770.188,24801.266,0.2712
20.01.2026 08:00:00.000 UTC,24803.277,24809.788,24650.777,24654.255,0.85596
20.01.2026 09:00:00.000 UTC,24659.255,24665.399,24549.288,24570.777,0.67488
20.01.2026 10:00:00.000 UTC,24568.788,24636.299,24538.799,24566.266,0.49932
20.01.2026 11:00:00.000 UTC,24564.766,24589.799,24504.266,24537.755,0.4158
20.01.2026 12:00:00.000 UTC,24536.277,24652.288,24530.266,24628.255,0.39132
20.01.2026 13:00:00.000 UTC,24629.255,24662.299,24590.399,24612.266,0.50292
20.01.2026 14:00:00.000 UTC,24612.777,24695.899,24594.255,24662.788,0.81708
20.01.2026 15:00:00.000 UTC,24664.899,24719.755,24625.777,24686.288,0.81192
20.01.2026 16:00:00.000 UTC,24686.799,24714.399,24664.688,24697.177,0.61944
20.01.2026 17:00:00.000 UTC,24696.677,24706.188,24626.299,24642.177,0.51492
20.01.2026 18:00:00.000 UTC,24640.677,24652.177,24580.155,24590.155,0.36156
20.01.2026 19:00:00.000 UTC,24589.799,24601.699,24555.655,24579.688,0.39216
20.01.2026 20:00:00.000 UTC,24579.299,24611.688,24555.166,24581.777,0.34524
20.01.2026 21:00:00.000 UTC,24580.399,24610.899,24580.399,24609.099,0.02442
20.01.2026 23:00:00.000 UTC,24601.766,24616.355,24577.099,24582.399,0.02613
21.01.2026 00:00:00.000 UTC,24582.799,24617.555,24581.288,24602.599,0.037065
21.01.2026 01:00:00.000 UTC,24602.055,24636.199,24598.099,24621.199,0.054
21.01.2026 02:00:00.000 UTC,24622.055,24633.599,24610.077,24624.099,0.05202
21.01.2026 03:00:00.000 UTC,24622.588,24682.066,24622.588,24661.599,0.06654
21.01.2026 04:00:00.000 UTC,24660.599,24670.588,24645.088,24645.699,0.04092
21.01.2026 05:00:00.000 UTC,24646.055,24679.066,24638.199,24663.555,0.04218
21.01.2026 06:00:00.000 UTC,24660.088,24672.599,24637.566,24644.588,0.04404
21.01.2026 07:00:00.000 UTC,24644.055,24706.188,24637.177,24661.788,0.22122
21.01.2026 08:00:00.000 UTC,24660.799,24673.277,24592.255,24637.777,0.64824
21.01.2026 09:00:00.000 UTC,24636.755,24648.899,24540.766,24542.899,0.48816
21.01.2026 10:00:00.000 UTC,24543.766,24580.399,24521.288,24531.899,0.39672
21.01.2026 11:00:00.000 UTC,24531.399,24534.899,24433.266,24434.799,0.39624
21.01.2026 12:00:00.000 UTC,24431.288,24467.799,24397.777,24426.266,0.41904
21.01.2026 13:00:00.000 UTC,24425.799,24443.777,24346.266,24426.755,0.449439
21.01.2026 14:00:00.000 UTC,24425.788,24606.788,24387.266,24600.755,0.94176
21.01.2026 15:00:00.000 UTC,24603.788,24652.288,24563.755,24615.277,0.55485
21.01.2026 16:00:00.000 UTC,24613.788,24615.899,24476.199,24482.166,0.51804
21.01.2026 17:00:00.000 UTC,24481.655,24515.188,24412.666,24510.188,0.63369
21.01.2026 18:00:00.000 UTC,24510.688,24529.299,24457.166,24521.799,0.51705
21.01.2026 19:00:00.000 UTC,24522.655,24882.655,24495.655,24882.199,0.67509
21.01.2026 20:00:00.000 UTC,24884.799,24899.655,24800.655,24839.899,0.47475
21.01.2026 21:00:00.000 UTC,24839.266,24867.988,24838.277,24866.199,0.018149
21.01.2026 23:00:00.000 UTC,24868.999,24904.099,24868.999,24884.066,0.016396
22.01.2026 00:00:00.000 UTC,24885.355,24903.899,24855.599,24866.199,0.038224
22.01.2026 01:00:00.000 UTC,24866.588,24911.699,24857.588,24899.088,0.03141
22.01.2026 02:00:00.000 UTC,24898.566,24900.077,24851.699,24871.066,0.022545
22.01.2026 03:00:00.000 UTC,24872.699,24928.555,24865.199,24927.577,0.024705
22.01.2026 04:00:00.000 UTC,24927.088,24945.066,24893.588,24908.055,0.02223
22.01.2026 05:00:00.000 UTC,24908.588,24910.099,24854.577,24860.555,0.0198
22.01.2026 06:00:00.000 UTC,24861.099,24870.588,24812.566,24839.699,0.04428
22.01.2026 07:00:00.000 UTC,24836.599,24850.666,24776.655,24843.299,0.215775
22.01.2026 08:00:00.000 UTC,24841.755,24896.299,24821.766,24846.899,0.63522
22.01.2026 09:00:00.000 UTC,24848.277,24937.799,24839.755,24924.755,0.37377
22.01.2026 10:00:00.000 UTC,24925.777,24929.899,24849.799,24868.766,0.2808
22.01.2026 11:00:00.000 UTC,24869.266,24907.799,24814.277,24842.399,0.32823
22.01.2026 12:00:00.000 UTC,24841.266,24876.899,24817.288,24845.299,0.2439
22.01.2026 13:00:00.000 UTC,24844.899,24863.255,24792.277,24840.277,0.28098
22.01.2026 14:00:00.000 UTC,24839.899,24932.288,24815.266,24843.266,0.44766
22.01.2026 15:00:00.000 UTC,24843.799,24875.788,24769.755,24849.277,0.541268
22.01.2026 16:00:00.000 UTC,24849.777,24901.255,24828.699,24835.655,0.31311
22.01.2026 17:00:00.000 UTC,24835.199,24850.688,24816.299,24846.677,0.20043
22.01.2026 18:00:00.000 UTC,24845.677,24853.299,24816.166,24842.799,0.15129
22.01.2026 19:00:00.000 UTC,24843.177,24863.299,24824.177,24827.688,0.13383
22.01.2026 20:00:00.000 UTC,24827.188,24855.166,24818.155,24823.399,0.16452
22.01.2026 21:00:00.000 UTC,24822.777,24833.288,24814.599,24821.166,0.016645
22.01.2026 23:00:00.000 UTC,24809.699,24820.055,24793.355,24812.766,0.016027
23.01.2026 00:00:00.000 UTC,24812.055,24836.699,24800.755,24825.088,0.024119
23.01.2026 01:00:00.000 UTC,24824.699,24846.077,24819.066,24838.099,0.038475
23.01.2026 02:00:00.000 UTC,24836.699,24843.566,24809.699,24813.699,0.0243
23.01.2026 03:00:00.000 UTC,24814.077,24845.066,24813.099,24843.055,0.02556
23.01.2026 04:00:00.000 UTC,24842.599,24854.577,24836.088,24850.077,0.02124
23.01.2026 05:00:00.000 UTC,24851.099,24885.099,24848.199,24885.099,0.02232
23.01.2026 06:00:00.000 UTC,24885.699,24893.566,24851.099,24856.588,0.025335
23.01.2026 07:00:00.000 UTC,24854.199,24856.688,24818.166,24834.788,0.1224
23.01.2026 08:00:00.000 UTC,24835.399,24881.266,24809.266,24847.799,0.491042
23.01.2026 09:00:00.000 UTC,24848.266,24909.277,24833.266,24841.266,0.37656
23.01.2026 10:00:00.000 UTC,24840.255,24848.777,24793.766,24840.755,0.339121
23.01.2026 11:00:00.000 UTC,24840.266,24904.766,24835.899,24881.399,0.31653
23.01.2026 12:00:00.000 UTC,24883.288,24901.788,24852.766,24891.755,0.26046
23.01.2026 13:00:00.000 UTC,24892.799,24896.266,24839.777,24848.799,0.28539
23.01.2026 14:00:00.000 UTC,24849.755,24866.277,24799.777,24848.766,0.41994
23.01.2026 15:00:00.000 UTC,24849.899,24932.799,24842.255,24911.899,0.37215
23.01.2026 16:00:00.000 UTC,24909.777,24922.299,24844.199,24893.677,0.33966
23.01.2026 17:00:00.000 UTC,24894.166,24920.299,24849.155,24858.799,0.27297
23.01.2026 18:00:00.000 UTC,24858.199,24919.188,24857.299,24904.299,0.24363
23.01.2026 19:00:00.000 UTC,24903.677,24921.699,24890.688,24897.188,0.16713
23.01.2026 20:00:00.000 UTC,24896.299,24897.188,24873.177,24882.277,0.1764
23.01.2026 21:00:00.000 UTC,24882.777,24883.755,24882.777,24883.755,0.00018
25.01.2026 23:00:00.000 UTC,24700.344,24777.855,24682.755,24773.099,0.0451
26.01.2026 00:00:00.000 UTC,24773.577,24831.055,24759.699,24771.088,0.052335
26.01.2026 01:00:00.000 UTC,24769.588,24812.599,24750.077,24767.699,0.10521
26.01.2026 02:00:00.000 UTC,24768.599,24789.555,24734.066,24743.577,0.066555
26.01.2026 03:00:00.000 UTC,24745.077,24783.699,24744.566,24777.577,0.066105
26.01.2026 04:00:00.000 UTC,24777.055,24790.099,24762.088,24775.099,0.04041
26.01.2026 05:00:00.000 UTC,24773.588,24806.199,24763.566,24801.599,0.04194
26.01.2026 06:00:00.000 UTC,24801.099,24849.199,24794.699,24839.066,0.05157
26.01.2026 07:00:00.000 UTC,24838.566,24877.255,24838.177,24876.755,0.13338
26.01.2026 08:00:00.000 UTC,24877.766,24912.288,24856.766,24881.277,0.46035
26.01.2026 09:00:00.000 UTC,24881.788,24896.266,24791.266,24812.299,0.335444
26.01.2026 10:00:00.000 UTC,24811.288,24855.788,24796.777,24816.266,0.29646
26.01.2026 11:00:00.000 UTC,24816.788,24860.766,24815.899,24853.255,0.19818
26.01.2026 12:00:00.000 UTC,24849.277,24902.777,24848.777,24891.277,0.19179
26.01.2026 13:00:00.000 UTC,24892.277,24928.399,24879.266,24927.277,0.21402
26.01.2026 14:00:00.000 UTC,24928.255,24986.788,24928.255,24940.299,0.34779
26.01.2026 15:00:00.000 UTC,24941.288,24971.399,24892.277,24952.255,0.33111
26.01.2026 16:00:00.000 UTC,24953.255,24965.799,24918.799,24933.666,0.29769
26.01.2026 17:00:00.000 UTC,24934.199,24965.199,24930.166,24954.655,0.13266
26.01.2026 18:00:00.000 UTC,24954.177,24966.688,24937.166,24942.688,0.09882
26.01.2026 19:00:00.000 UTC,24942.299,24950.677,24916.177,24920.299,0.10224
26.01.2026 20:00:00.000 UTC,24919.666,24947.799,24916.155,24923.799,0.11511
26.01.2026 21:00:00.000 UTC,24923.255,24926.699,24919.355,24924.888,0.016819
26.01.2026 23:00:00.000 UTC,24919.677,24940.199,24903.599,24932.388,0.011968
27.01.2026 00:00:00.000 UTC,24932.655,24948.799,24923.866,24932.599,0.014483
27.01.2026 01:00:00.000 UTC,24933.066,24941.077,24925.566,24934.555,0.01485
27.01.2026 02:00:00.000 UTC,24933.599,24968.588,24932.555,24967.055,0.016335
27.01.2026 03:00:00.000 UTC,24965.088,24971.055,24951.577,24968.055,0.011385
27.01.2026 04:00:00.000 UTC,24968.699,24999.199,24966.588,24993.599,0.019665
27.01.2026 05:00:00.000 UTC,24991.699,25002.066,24972.555,25001.088,0.014265
27.01.2026 06:00:00.000 UTC,25002.588,25014.066,24986.055,24988.055,0.018135
27.01.2026 07:00:00.000 UTC,24988.699,25017.199,24980.655,24989.755,0.112995
27.01.2026 08:00:00.000 UTC,24990.299,25014.788,24901.288,24910.766,0.50823
27.01.2026 09:00:00.000 UTC,24910.255,24916.788,24860.777,24897.299,0.329772
27.01.2026 10:00:00.000 UTC,24896.266,24934.899,24891.255,24907.799,0.25389
27.01.2026 11:00:00.000 UTC,24907.277,24963.799,24897.288,24933.255,0.28305
27.01.2026 12:00:00.000 UTC,24934.266,24935.299,24897.288,24929.755,0.26523
27.01.2026 13:00:00.000 UTC,24930.288,24958.266,24899.255,24909.299,0.26091
27.01.2026 14:00:00.000 UTC,24910.299,24955.299,24905.399,24913.255,0.36738
27.01.2026 15:00:00.000 UTC,24914.766,24922.277,24846.288,24907.766,0.399068
27.01.2026 16:00:00.000 UTC,24908.299,24931.799,24861.655,24877.188,0.3024
27.01.2026 17:00:00.000 UTC,24877.677,24890.166,24865.666,24872.799,0.17433
27.01.2026 18:00:00.000 UTC,24871.699,24888.688,24853.666,24885.666,0.11502
27.01.2026 19:00:00.000 UTC,24885.199,24905.155,24882.166,24898.799,0.09063
27.01.2026 20:00:00.000 UTC,24898.155,24918.199,24849.677,24850.299,0.135
27.01.2026 21:00:00.000 UTC,24849.799,24852.988,24843.366,24848.177,0.010264
27.01.2026 23:00:00.000 UTC,24860.855,24872.988,24860.855,24867.566,0.008965
28.01.2026 00:00:00.000 UTC,24868.166,24904.088,24866.966,24898.577,0.021323
28.01.2026 01:00:00.000 UTC,24899.577,24913.066,24875.077,24879.077,0.020115
28.01.2026 02:00:00.000 UTC,24875.077,24895.555,24873.077,24881.699,0.02268
28.01.2026 03:00:00.000 UTC,24882.099,24910.099,24879.555,24884.566,0.019305
28.01.2026 04:00:00.000 UTC,24885.055,24913.599,24885.055,24896.055,0.015075
28.01.2026 05:00:00.000 UTC,24894.588,24932.066,24894.588,24913.055,0.018135
28.01.2026 06:00:00.000 UTC,24931.577,24946.099,24905.555,24938.055,0.045765
28.01.2026 07:00:00.000 UTC,24937.077,24943.666,24864.299,24868.766,0.16236
28.01.2026 08:00:00.000 UTC,24870.399,24924.766,24790.299,24799.799,0.587703
28.01.2026 09:00:00.000 UTC,24801.799,24851.266,24796.755,24839.899,0.35829
28.01.2026 10:00:00.000 UTC,24838.777,24859.799,24815.777,24840.277,0.30528
28.01.2026 11:00:00.000 UTC,24839.899,24893.266,24828.755,24839.755,0.32013
28.01.2026 12:00:00.000 UTC,24840.788,24849.788,24706.266,24712.755,0.543126
28.01.2026 13:00:00.000 UTC,24711.266,24779.277,24710.766,24763.899,0.53868
28.01.2026 14:00:00.000 UTC,24762.766,24816.399,24746.755,24799.288,0.77544
28.01.2026 15:00:00.000 UTC,24800.299,24845.277,24786.788,24822.788,0.79944
28.01.2026 16:00:00.000 UTC,24822.299,24844.766,24781.677,24793.177,0.53028
28.01.2026 17:00:00.000 UTC,24793.799,24839.666,24792.655,24821.188,0.28188
28.01.2026 18:00:00.000 UTC,24820.688,24845.166,24817.799,24834.299,0.1728
28.01.2026 19:00:00.000 UTC,24824.155,24868.688,24818.199,24848.688,0.53748
28.01.2026 20:00:00.000 UTC,24846.799,24874.166,24844.777,24853.255,0.30336
28.01.2026 21:00:00.000 UTC,24855.299,24872.599,24788.955,24868.755,0.153795
28.01.2026 23:00:00.000 UTC,24887.788,24891.399,24830.999,24834.677,0.05625
29.01.2026 00:00:00.000 UTC,24834.099,24882.588,24808.866,24873.555,0.05595
29.01.2026 01:00:00.000 UTC,24874.599,24875.699,24799.699,24840.088,0.04944
29.01.2026 02:00:00.000 UTC,24840.699,24868.577,24823.699,24853.555,0.0438
29.01.2026 03:00:00.000 UTC,24854.066,24888.699,24851.555,24860.055,0.0366
29.01.2026 04:00:00.000 UTC,24860.566,24885.066,24853.577,24871.077,0.02154
29.01.2026 05:00:00.000 UTC,24874.066,24919.555,24751.577,24751.577,0.03384
29.01.2026 06:00:00.000 UTC,24751.099,24837.577,24750.088,24801.577,0.033
29.01.2026 07:00:00.000 UTC,24798.588,24834.655,24780.755,24781.788,0.18654
29.01.2026 08:00:00.000 UTC,24782.788,24784.288,24582.799,24631.277,1.03444
29.01.2026 09:00:00.000 UTC,24630.799,24671.277,24520.266,24528.755,0.650016
29.01.2026 10:00:00.000 UTC,24529.777,24590.899,24508.766,24514.277,0.6618
29.01.2026 11:00:00.000 UTC,24514.788,24624.799,24504.399,24620.777,0.60348
29.01.2026 12:00:00.000 UTC,24620.255,24638.299,24562.266,24563.399,0.48996
29.01.2026 13:00:00.000 UTC,24563.788,24608.266,24540.277,24606.288,0.49932
29.01.2026 14:00:00.000 UTC,24607.766,24621.799,24429.755,24430.399,0.842916
29.01.2026 15:00:00.000 UTC,24430.766,24472.288,24272.755,24297.766,1.30575
29.01.2026 16:00:00.000 UTC,24297.266,24368.688,24263.755,24355.155,0.897308
29.01.2026 17:00:00.000 UTC,24354.688,24469.188,24352.666,24391.699,0.40995
29.01.2026 18:00:00.000 UTC,24392.199,24461.299,24386.655,24430.655,0.30834
29.01.2026 19:00:00.000 UTC,24429.188,24464.177,24427.666,24440.688,0.21519
29.01.2026 20:00:00.000 UTC,24441.299,24484.799,24432.688,24473.299,0.20223
29.01.2026 21:00:00.000 UTC,24474.455,24479.588,24460.788,24464.855,0.019403
29.01.2026 23:00:00.000 UTC,24474.799,24478.399,24416.477,24458.888,0.036971
30.01.2026 00:00:00.000 UTC,24459.477,24522.088,24446.399,24483.066,0.038192
30.01.2026 01:00:00.000 UTC,24483.555,24484.199,24411.088,24445.599,0.0432
30.01.2026 02:00:00.000 UTC,24447.566,24461.088,24389.055,24432.099,0.058275
30.01.2026 03:00:00.000 UTC,24434.055,24481.588,24434.055,24455.555,0.024795
30.01.2026 04:00:00.000 UTC,24455.099,24470.577,24429.566,24434.588,0.022365
30.01.2026 05:00:00.000 UTC,24435.077,24446.066,24408.055,24422.577,0.028485
30.01.2026 06:00:00.000 UTC,24425.099,24454.555,24406.077,24413.555,0.03681
30.01.2026 07:00:00.000 UTC,24412.055,24439.688,24316.266,24329.755,0.208575
30.01.2026 08:00:00.000 UTC,24332.899,24525.288,24308.788,24524.288,0.56817
30.01.2026 09:00:00.000 UTC,24523.777,24525.788,24451.799,24461.277,0.42885
30.01.2026 10:00:00.000 UTC,24461.899,24476.899,24406.277,24445.399,0.38997
30.01.2026 11:00:00.000 UTC,24446.255,24555.399,24435.399,24542.766,0.30024
30.01.2026 12:00:00.000 UTC,24542.288,24570.899,24505.288,24513.399,0.34641
30.01.2026 13:00:00.000 UTC,24512.799,24532.399,24470.255,24471.277,0.40608
30.01.2026 14:00:00.000 UTC,24470.788,24582.788,24466.755,24519.755,0.59418
30.01.2026 15:00:00.000 UTC,24518.799,24585.799,24512.766,24521.799,0.7632
30.01.2026 16:00:00.000 UTC,24520.777,24568.799,24490.777,24508.655,0.61956
30.01.2026 17:00:00.000 UTC,24507.699,24537.199,24478.655,24499.155,0.54774
30.01.2026 18:00:00.000 UTC,24497.655,24513.699,24423.666,24499.188,0.43029
30.01.2026 19:00:00.000 UTC,24499.799,24527.177,24486.699,24493.655,0.41004
30.01.2026 20:00:00.000 UTC,24494.188,24524.699,24482.299,24489.788,0.31401
30.01.2026 21:00:00.000 UTC,24490.255,24490.255,24490.255,24490.255,0.00009